{"chunk_definitions":[{"row":11,"row_count":1,"visible":true,"expansion_state":0,"options":{"engine":"r","label":"setup","include":false},"document_id":"190EC859","chunk_id":"csetup_chunk","chunk_label":"setup"},{"row":24,"row_count":1,"visible":true,"expansion_state":0,"options":{"engine":"r","echo":false,"message":false,"warning":false,"label":"unnamed-chunk-25"},"document_id":"190EC859","chunk_id":"cwcvo6lvix2gh","chunk_label":"unnamed-chunk-1"},{"row":50,"row_count":1,"visible":true,"expansion_state":0,"options":{"engine":"r","echo":false,"message":false,"warning":false,"label":"unnamed-chunk-3"},"document_id":"190EC859","chunk_id":"cvqykskwus6me","chunk_label":"unnamed-chunk-2"},{"row":58,"row_count":1,"visible":true,"expansion_state":0,"options":{"engine":"r","label":"h20_start","echo":false,"message":false,"warning":false,"results":"hide"},"document_id":"190EC859","chunk_id":"cwjb9nx8g8011","chunk_label":"h20_start"},{"row":64,"row_count":1,"visible":true,"expansion_state":0,"options":{"engine":"r","echo":false,"message":false,"warning":false,"results":"hide","label":"unnamed-chunk-5"},"document_id":"190EC859","chunk_id":"c2co4tqc2lwzf","chunk_label":"unnamed-chunk-3"},{"row":72,"row_count":1,"visible":true,"expansion_state":0,"options":{"engine":"r","echo":false,"message":false,"warning":false,"label":"unnamed-chunk-9"},"document_id":"190EC859","chunk_id":"cd2umx5fv1xrj","chunk_label":"unnamed-chunk-4"},{"row":95,"row_count":1,"visible":true,"expansion_state":0,"options":{"engine":"r","echo":false,"message":false,"warning":false,"results":"hide","label":"unnamed-chunk-18"},"document_id":"190EC859","chunk_id":"cgoyic2yn0821","chunk_label":"unnamed-chunk-5"},{"row":105,"row_count":1,"visible":true,"expansion_state":0,"options":{"engine":"r","echo":false,"message":false,"warning":false,"label":"unnamed-chunk-26"},"document_id":"190EC859","chunk_id":"cm78uv7g4a1k1","chunk_label":"unnamed-chunk-6"},{"row":134,"row_count":1,"visible":true,"expansion_state":0,"options":{"engine":"r","echo":false,"message":false,"warning":false,"label":"unnamed-chunk-20"},"document_id":"190EC859","chunk_id":"cfv55lh8c70u9","chunk_label":"unnamed-chunk-7"},{"row":149,"row_count":1,"visible":true,"expansion_state":0,"options":{"engine":"r","echo":false,"message":false,"warning":false,"label":"unnamed-chunk-21"},"document_id":"190EC859","chunk_id":"cdq05g3lgt3ls","chunk_label":"unnamed-chunk-8"},{"row":164,"row_count":1,"visible":true,"expansion_state":0,"options":{"engine":"r","echo":false,"message":false,"warning":false,"label":"unnamed-chunk-27"},"document_id":"190EC859","chunk_id":"cpmavlrc10jth","chunk_label":"unnamed-chunk-9"},{"row":222,"row_count":1,"visible":true,"expansion_state":0,"options":{"engine":"r","label":"three_models","echo":false,"message":false,"warning":false},"document_id":"190EC859","chunk_id":"caxr4m8gb8kur","chunk_label":"three_models"},{"row":237,"row_count":1,"visible":true,"expansion_state":0,"options":{"engine":"r","label":"corr","echo":false,"message":false,"warning":false},"document_id":"190EC859","chunk_id":"crrr396g7ai4w","chunk_label":"corr"},{"row":273,"row_count":1,"visible":true,"expansion_state":0,"options":{"engine":"r","echo":false,"message":false,"warning":false,"label":"unnamed-chunk-29"},"document_id":"190EC859","chunk_id":"c6mwixxq867ni","chunk_label":"unnamed-chunk-11"}],"doc_write_time":1616185911,"working_dir":null,"default_chunk_options":{"echo":true},"chunk_rendered_width":690}