{"chunk_definitions":[{"row":10,"row_count":1,"visible":true,"expansion_state":0,"options":{"engine":"r","label":"setup","include":false},"document_id":"D1E9E458","chunk_id":"csetup_chunk","chunk_label":"setup"},{"row":32,"row_count":1,"visible":true,"expansion_state":0,"options":{"engine":"r","label":"h20_start","echo":false,"message":false,"warning":false,"results":"hide"},"document_id":"D1E9E458","chunk_id":"c48s19q6yke8h","chunk_label":"h20_start"},{"row":46,"row_count":1,"visible":true,"expansion_state":0,"options":{"engine":"r","label":"data_init","echo":false,"message":false,"warning":false},"document_id":"D1E9E458","chunk_id":"ctpqhem61ij6q","chunk_label":"data_init"},{"row":76,"row_count":1,"visible":true,"expansion_state":0,"options":{"engine":"r","label":"rf_imp","echo":false,"message":false,"warning":false},"document_id":"D1E9E458","chunk_id":"chim5yigllnit","chunk_label":"rf_imp"},{"row":84,"row_count":1,"visible":true,"expansion_state":0,"options":{"engine":"r","label":"rf_imp","echo":false,"message":false,"warning":false},"document_id":"D1E9E458","chunk_id":"c9somz3p4c60n","chunk_label":"rf_imp_2"},{"row":97,"row_count":1,"visible":true,"expansion_state":0,"options":{"engine":"r","echo":false,"message":false,"warning":false,"label":"unnamed-chunk-362"},"document_id":"D1E9E458","chunk_id":"cdjnig4tm7yrk","chunk_label":"corr"},{"row":177,"row_count":1,"visible":true,"expansion_state":0,"options":{"engine":"r","label":"gbm","echo":false,"message":false,"warning":false,"results":"hide"},"document_id":"D1E9E458","chunk_id":"c2rt5zyq4s2tp","chunk_label":"gbm"},{"row":183,"row_count":1,"visible":true,"expansion_state":0,"options":{"engine":"r","label":"gbm_imp","echo":false,"message":false,"warning":false},"document_id":"D1E9E458","chunk_id":"cctn8cr0sbj49","chunk_label":"gbm_imp"},{"row":191,"row_count":1,"visible":true,"expansion_state":0,"options":{"engine":"r","label":"gbm_imp_2","echo":false,"message":false,"warning":false},"document_id":"D1E9E458","chunk_id":"ci2dqsvfqro6r","chunk_label":"gbm_imp_2"}],"doc_write_time":1616171485,"working_dir":null,"default_chunk_options":{"echo":true},"chunk_rendered_width":700}