{"chunk_definitions":[{"row":25,"row_count":1,"visible":true,"expansion_state":0,"options":[],"document_id":null,"chunk_id":"c9nes43m56wlc","chunk_label":"unnamed-chunk-1"},{"row":45,"row_count":1,"visible":true,"expansion_state":0,"options":[],"document_id":null,"chunk_id":"c3tjx4467txua","chunk_label":"unnamed-chunk-2"},{"row":55,"row_count":1,"visible":true,"expansion_state":0,"options":[],"document_id":null,"chunk_id":"crcv6r3mj1ben","chunk_label":"unnamed-chunk-3"},{"row":63,"row_count":1,"visible":true,"expansion_state":0,"options":[],"document_id":null,"chunk_id":"c97pqvpnx3u2j","chunk_label":"unnamed-chunk-4"},{"row":81,"row_count":1,"visible":true,"expansion_state":0,"options":[],"document_id":null,"chunk_id":"cpztzafx5upai","chunk_label":"unnamed-chunk-5"},{"row":97,"row_count":1,"visible":true,"expansion_state":0,"options":[],"document_id":null,"chunk_id":"c6q08u3z2slj4","chunk_label":"unnamed-chunk-6"},{"row":113,"row_count":1,"visible":true,"expansion_state":0,"options":[],"document_id":null,"chunk_id":"cpqftclkxusxt","chunk_label":"unnamed-chunk-7"},{"row":130,"row_count":1,"visible":true,"expansion_state":0,"options":[],"document_id":null,"chunk_id":"chcvnmhdl0t2b","chunk_label":"unnamed-chunk-8"},{"row":155,"row_count":1,"visible":true,"expansion_state":0,"options":[],"document_id":null,"chunk_id":"co61n8udy5376","chunk_label":"rf-tuning"},{"row":166,"row_count":1,"visible":true,"expansion_state":0,"options":[],"document_id":null,"chunk_id":"cblntvlndgz6i","chunk_label":"unnamed-chunk-9"},{"row":176,"row_count":1,"visible":true,"expansion_state":0,"options":[],"document_id":null,"chunk_id":"cg7i3uw73zo39","chunk_label":"unnamed-chunk-10"},{"row":184,"row_count":1,"visible":true,"expansion_state":0,"options":[],"document_id":null,"chunk_id":"c5iwxqz0zo6dd","chunk_label":"unnamed-chunk-11"},{"row":208,"row_count":1,"visible":true,"expansion_state":0,"options":[],"document_id":null,"chunk_id":"cexhq7lsythmq","chunk_label":"unnamed-chunk-12"},{"row":214,"row_count":1,"visible":true,"expansion_state":0,"options":[],"document_id":null,"chunk_id":"cxpixsvq2vaoj","chunk_label":"unnamed-chunk-13"},{"row":244,"row_count":1,"visible":true,"expansion_state":0,"options":[],"document_id":null,"chunk_id":"c0po66si4fqru","chunk_label":"gbm-tuning"},{"row":254,"row_count":1,"visible":true,"expansion_state":0,"options":[],"document_id":null,"chunk_id":"c6v47mw9gipk6","chunk_label":"unnamed-chunk-15"},{"row":268,"row_count":1,"visible":true,"expansion_state":0,"options":[],"document_id":null,"chunk_id":"c2vn0oghyagq3","chunk_label":"unnamed-chunk-16"},{"row":292,"row_count":1,"visible":true,"expansion_state":0,"options":[],"document_id":null,"chunk_id":"ch20zmf8794zj","chunk_label":"unnamed-chunk-17"},{"row":316,"row_count":1,"visible":true,"expansion_state":0,"options":[],"document_id":null,"chunk_id":"c20oca36vvkd6","chunk_label":"xgboost-tuning"},{"row":330,"row_count":1,"visible":true,"expansion_state":0,"options":[],"document_id":null,"chunk_id":"cuknvp982dqzd","chunk_label":"Comparison"},{"row":349,"row_count":1,"visible":true,"expansion_state":0,"options":[],"document_id":null,"chunk_id":"crneg5v9qpec1","chunk_label":"AutoML"}],"doc_write_time":1615583636,"chunk_rendered_width":700}