{"chunk_definitions":[{"row":11,"row_count":1,"visible":true,"expansion_state":0,"options":{"engine":"r","label":"setup","include":false},"document_id":"80A31DDA","chunk_id":"csetup_chunk","chunk_label":"setup"},{"row":35,"row_count":1,"visible":true,"expansion_state":0,"options":{"engine":"r","echo":false,"message":false,"warning":false,"label":"unnamed-chunk-118"},"document_id":"80A31DDA","chunk_id":"cgcotu06x63nt","chunk_label":"unnamed-chunk-1"},{"row":44,"row_count":1,"visible":true,"expansion_state":0,"options":{"engine":"r","echo":false,"message":false,"warning":false,"results":false,"label":"unnamed-chunk-148"},"document_id":"80A31DDA","chunk_id":"ce17ocqye1c7b","chunk_label":"unnamed-chunk-2"},{"row":95,"row_count":1,"visible":true,"expansion_state":0,"options":{"engine":"r","echo":false,"message":false,"warning":false,"label":"unnamed-chunk-14"},"document_id":"80A31DDA","chunk_id":"cacyk89wadgx1","chunk_label":"unnamed-chunk-5"},{"row":116,"row_count":1,"visible":true,"expansion_state":0,"options":{"engine":"r","echo":false,"message":false,"warning":false,"results":false,"label":"unnamed-chunk-153"},"document_id":"80A31DDA","chunk_id":"c8ugi4c4ra4dq","chunk_label":"unnamed-chunk-7"},{"row":137,"row_count":1,"visible":true,"expansion_state":0,"options":{"engine":"r","echo":false,"message":false,"warning":false,"label":"unnamed-chunk-156"},"document_id":"80A31DDA","chunk_id":"ckdepbz3j2qek","chunk_label":"unnamed-chunk-8"},{"row":146,"row_count":1,"visible":true,"expansion_state":0,"options":{"engine":"r","echo":false,"message":false,"warning":false,"label":"unnamed-chunk-157"},"document_id":"80A31DDA","chunk_id":"c4vantlhr0fm8","chunk_label":"unnamed-chunk-9"},{"row":183,"row_count":1,"visible":true,"expansion_state":0,"options":{"engine":"r","echo":false,"message":false,"warning":false,"label":"unnamed-chunk-170"},"document_id":"80A31DDA","chunk_id":"chhcwmbjhd783","chunk_label":"unnamed-chunk-10"},{"row":239,"row_count":1,"visible":true,"expansion_state":0,"options":{"engine":"r","echo":false,"message":false,"warning":false,"label":"unnamed-chunk-158"},"document_id":"80A31DDA","chunk_id":"cee9avjg3csa9","chunk_label":"unnamed-chunk-12"},{"row":313,"row_count":1,"visible":true,"expansion_state":0,"options":{"engine":"r","echo":false,"message":false,"warning":false,"label":"unnamed-chunk-159"},"document_id":"80A31DDA","chunk_id":"c1qrydobnp9k6","chunk_label":"unnamed-chunk-13"},{"row":339,"row_count":1,"visible":true,"expansion_state":0,"options":{"engine":"r","echo":false,"message":false,"warning":false,"label":"unnamed-chunk-160"},"document_id":"80A31DDA","chunk_id":"c0j19m1ru8hwt","chunk_label":"unnamed-chunk-14"},{"row":371,"row_count":1,"visible":true,"expansion_state":0,"options":{"engine":"r","label":"rf-tuning"},"document_id":"80A31DDA","chunk_id":"ciabb936a8vqh","chunk_label":"rf-tuning"},{"row":383,"row_count":1,"visible":true,"expansion_state":0,"options":{"engine":"r","echo":false,"message":false,"warning":false,"label":"unnamed-chunk-162"},"document_id":"80A31DDA","chunk_id":"cj6skzo05ovbd","chunk_label":"unnamed-chunk-15"},{"row":403,"row_count":1,"visible":true,"expansion_state":0,"options":{"engine":"r","label":"unnamed-chunk-163"},"document_id":"80A31DDA","chunk_id":"cddahxrk9s7ec","chunk_label":"unnamed-chunk-16"},{"row":414,"row_count":1,"visible":true,"expansion_state":0,"options":{"engine":"r","label":"gbm-tuning"},"document_id":"80A31DDA","chunk_id":"c9zixwa957gd6","chunk_label":"gbm-tuning"},{"row":440,"row_count":1,"visible":true,"expansion_state":0,"options":{"engine":"r","label":"xgboost-tuning"},"document_id":"80A31DDA","chunk_id":"c8morr5i1tyc4","chunk_label":"xgboost-tuning"}],"doc_write_time":1615648202,"working_dir":null,"default_chunk_options":{"echo":true},"chunk_rendered_width":689}