"0","# tree_performance <- getPerformanceMetrics(simple_tree, xval = TRUE)"
"0",""
"0","# glm_performance <- getPerformanceMetrics(glm_model, newdata = data_valid)"
"0","# rf_performance <- getPerformanceMetrics(rf_model_2, newdata = data_valid)"
"0","# dl_performance <- getPerformanceMetrics(deeplearning_model, newdata = data_valid)"
"0",""
"0","four_models <- list(glm_model, rf_model_2, gbm_model, deeplearning_model)"
"0",""
"0","three_performances <- getPerformanceMetrics(glm_model, newdata = data_valid)"
"0",""
"0",""
"0","# my_models <- list(glm_model, rf_model, gbm_model, deeplearning_model)"
"0","# all_performance <- map_df(c(simple_models, my_models), getPerformanceMetrics, xval = TRUE)"
"0","# plotROC(all_performance)"
"0","# plotRP(all_performance)"
"0",""
"0",""
"0","performances = data.frame("
"0","  ""glm"" = h2o.auc(h2o.performance(glm_model, newdata = data_valid)),"
"0","  ""rf"" = h2o.auc(h2o.performance(rf_model_2, newdata = data_valid)),"
"0","  ""gbm"" = h2o.auc(h2o.performance(gbm_model, newdata = data_valid)),"
"0","  ""deeplearning"" = h2o.auc(h2o.performance(deeplearning_model, newdata = data_valid))"
"0",")"
"0",""
"0","knitr::kable(performances, digits = c(4,4,4,4))"
