{"chunk_definitions":[{"row":11,"row_count":1,"visible":true,"expansion_state":0,"options":{"engine":"r","label":"setup","include":false},"document_id":"80A31DDA","chunk_id":"csetup_chunk","chunk_label":"setup"},{"row":43,"row_count":1,"visible":true,"expansion_state":0,"options":{"engine":"r","echo":false,"message":false,"warning":false,"label":"unnamed-chunk-334"},"document_id":"80A31DDA","chunk_id":"cgcotu06x63nt","chunk_label":"unnamed-chunk-1"},{"row":51,"row_count":1,"visible":true,"expansion_state":0,"options":{"engine":"r","label":"data","echo":false},"document_id":"80A31DDA","chunk_id":"cuccvn6w7ve10","chunk_label":"data"},{"row":72,"row_count":1,"visible":true,"expansion_state":0,"options":{"engine":"r","echo":false,"message":false,"warning":false,"fig.cap":"Summary statistics","label":"unnamed-chunk-198"},"document_id":"80A31DDA","chunk_id":"ckgstv1dl91r1","chunk_label":"summary"},{"row":99,"row_count":1,"visible":true,"expansion_state":0,"options":{"engine":"r","echo":false,"message":false,"warning":false,"label":"unnamed-chunk-241"},"document_id":"80A31DDA","chunk_id":"c5za4rn60f47c","chunk_label":"train"},{"row":123,"row_count":1,"visible":true,"expansion_state":0,"options":{"engine":"r","echo":false,"message":false,"warning":false,"label":"unnamed-chunk-240"},"document_id":"80A31DDA","chunk_id":"chhcwmbjhd783","chunk_label":"cart"},{"row":128,"row_count":1,"visible":true,"expansion_state":0,"options":{"engine":"r","echo":false,"message":false,"warning":false,"label":"unnamed-chunk-235"},"document_id":"80A31DDA","chunk_id":"cjv7hh2s4og1z","chunk_label":"summary_loyalch"},{"row":198,"row_count":1,"visible":true,"expansion_state":0,"options":{"engine":"r","echo":false,"message":false,"warning":false,"label":"unnamed-chunk-276"},"document_id":"80A31DDA","chunk_id":"c31kzinpx3y4p","chunk_label":"rf_tune"},{"row":236,"row_count":1,"visible":true,"expansion_state":0,"options":{"engine":"r","label":"unnamed-chunk-289"},"document_id":"80A31DDA","chunk_id":"ctmul2fdo5q9d","chunk_label":"gbm_tune"},{"row":281,"row_count":1,"visible":true,"expansion_state":0,"options":{"engine":"r","echo":false,"message":false,"warning":false,"label":"unnamed-chunk-305"},"document_id":"80A31DDA","chunk_id":"cos7xhhmse6jc","chunk_label":"xgb_results"},{"row":305,"row_count":1,"visible":true,"expansion_state":0,"options":{"engine":"r","echo":false,"message":false,"warning":false,"label":"unnamed-chunk-311"},"document_id":"80A31DDA","chunk_id":"c32p5xu0kmhzt","chunk_label":"xgb_2"},{"row":333,"row_count":1,"visible":true,"expansion_state":0,"options":{"engine":"r","echo":false,"message":false,"warning":false,"label":"unnamed-chunk-315"},"document_id":"80A31DDA","chunk_id":"ckzl2s9fl051z","chunk_label":"conclusion_results"},{"row":356,"row_count":1,"visible":true,"expansion_state":0,"options":{"engine":"r","label":"unnamed-chunk-322"},"document_id":"80A31DDA","chunk_id":"c2bykm6njwdgm","chunk_label":"confusion"},{"row":372,"row_count":1,"visible":true,"expansion_state":0,"options":{"engine":"r","label":"unnamed-chunk-321"},"document_id":"80A31DDA","chunk_id":"c20vnpftautrw","chunk_label":"roc_curve"},{"row":394,"row_count":1,"visible":true,"expansion_state":0,"options":{"engine":"r","echo":false,"message":false,"warning":false,"label":"unnamed-chunk-350"},"document_id":"80A31DDA","chunk_id":"c63jivy2kxu4f","chunk_label":"var_rf"},{"row":405,"row_count":1,"visible":true,"expansion_state":0,"options":{"engine":"r","echo":false,"message":false,"warning":false,"label":"unnamed-chunk-352"},"document_id":"80A31DDA","chunk_id":"c5zpsix5c88bt","chunk_label":"var_gbm"},{"row":419,"row_count":1,"visible":true,"expansion_state":0,"options":{"engine":"r","echo":false,"message":false,"warning":false,"label":"unnamed-chunk-348"},"document_id":"80A31DDA","chunk_id":"c5s0nqmo6pvuu","chunk_label":"var_xgb"}],"doc_write_time":1616116039,"chunk_rendered_width":689}