"0",""
"0","data <- read_csv(""KaggleV2-May-2016.csv"")"
"0",""
"0","# some data cleaning"
"0","data <- select(data, -one_of(c(""PatientId"", ""AppointmentID"", ""Neighbourhood""))) %>%"
"0","  janitor::clean_names()"
"0",""
"0","# for binary prediction, the target variable must be a factor + generate new variables"
"0","data <- mutate("
"0","  data,"
"0","  no_show = factor(no_show, levels = c(""Yes"", ""No"")),"
"0","  handcap = ifelse(handcap > 0, 1, 0),"
"0","  across(c(gender, scholarship, hipertension, alcoholism, handcap), factor),"
"0","  hours_since_scheduled = as.numeric(appointment_day - scheduled_day)"
"0",")"
"0",""
"0","# clean up a little bit"
"0","data <- filter(data, between(age, 0, 95), hours_since_scheduled >= 0) %>%"
"0","  select(-one_of(c(""scheduled_day"", ""appointment_day"", ""sms_received"")))"
